"Project","Organisation","FPFirstName","FPLastName","FPEmail","FPMobilePhone","Start Date","End Date","Budget","Comments"
"Project 1","Mahalle Afet Gönüllüleri Vakfı",,,,,,,,
"Project 2","Mahalle Afet Gönüllüleri Vakfı",,,,,,,,
"Project 3","Mahalle Afet Gönüllüleri Vakfı",,,,,,,,
"Project 4","Mahalle Afet Gönüllüleri Vakfı",,,,,,,,
"Project 5","Mahalle Afet Gönüllüleri Vakfı",,,,,,,,
"Project 6","Mahalle Afet Gönüllüleri Vakfı",,,,,,,,
"Project 7","Mahalle Afet Gönüllüleri Vakfı",,,,,,,,
"Project 8","Mahalle Afet Gönüllüleri Vakfı",,,,,,,,
"Project 9","Mahalle Afet Gönüllüleri Vakfı",,,,,,,,
"Project 10","Mahalle Afet Gönüllüleri Vakfı",,,,,,,,
